{
  "accuracy": 0.9206289779108948,
  "f1": 0.9194362019492885
}