{
  "accuracy": 0.5604642456008986,
  "f1": 0.3591650671785029
}